label,score
0.000000000000000000e+00,-1.287514810695282064e+00
0.000000000000000000e+00,-1.496991029195214873e+00
0.000000000000000000e+00,-1.657548897902763940e+00
0.000000000000000000e+00,-1.342232216546804580e+00
0.000000000000000000e+00,-1.180400941113551649e+00
0.000000000000000000e+00,-1.523747797715677699e+00
0.000000000000000000e+00,-1.518234100896490579e+00
0.000000000000000000e+00,-3.703962013829767419e-01
0.000000000000000000e+00,-1.166890993148241185e+00
0.000000000000000000e+00,-1.192784679399736092e+00
0.000000000000000000e+00,-1.572173697250855762e+00
0.000000000000000000e+00,-1.448895866196416415e+00
0.000000000000000000e+00,-1.734197648542318504e+00
0.000000000000000000e+00,-1.150044646470638865e+00
0.000000000000000000e+00,-1.390886626807393833e+00
0.000000000000000000e+00,-1.367473667609153454e+00
0.000000000000000000e+00,-1.319088171125381237e+00
0.000000000000000000e+00,-1.072809137948864011e+00
0.000000000000000000e+00,-1.394992510770070915e+00
0.000000000000000000e+00,-1.564726440330864721e+00
0.000000000000000000e+00,-1.580239587827291015e+00
0.000000000000000000e+00,-4.170574621176992847e-01
0.000000000000000000e+00,-1.519895194188318976e+00
0.000000000000000000e+00,-1.105831323378105857e+00
0.000000000000000000e+00,-9.818657268129328264e-01
0.000000000000000000e+00,-1.507860262144921526e+00
0.000000000000000000e+00,-1.300294153733544622e+00
0.000000000000000000e+00,-1.181105761178647517e+00
0.000000000000000000e+00,-1.268349958261274280e+00
0.000000000000000000e+00,-9.456814442775883789e-01
0.000000000000000000e+00,-1.674749837189811519e+00
0.000000000000000000e+00,-1.246585809015113400e+00
0.000000000000000000e+00,-1.505489679088588773e+00
0.000000000000000000e+00,-1.138929746725954262e+00
0.000000000000000000e+00,-1.397709260673872578e+00
0.000000000000000000e+00,-1.008969880363319138e+00
0.000000000000000000e+00,-1.447240965332064810e+00
0.000000000000000000e+00,-1.668074806430728474e+00
0.000000000000000000e+00,-1.502609591220688046e+00
0.000000000000000000e+00,-1.336994031992729148e+00
0.000000000000000000e+00,-1.596537650885192505e+00
0.000000000000000000e+00,-1.488854687066831106e+00
0.000000000000000000e+00,-1.576235929675582126e+00
0.000000000000000000e+00,-1.240517433118339730e+00
0.000000000000000000e+00,-1.328816779236917434e+00
0.000000000000000000e+00,-1.350826595278056264e+00
0.000000000000000000e+00,-1.039198265848516156e+00
0.000000000000000000e+00,-1.454744157129755244e+00
0.000000000000000000e+00,-1.387155943040683015e+00
0.000000000000000000e+00,-1.386226165282334666e+00
0.000000000000000000e+00,-1.449556933208357101e+00
0.000000000000000000e+00,-9.305160878719036521e-01
0.000000000000000000e+00,-1.329095336958165063e+00
0.000000000000000000e+00,-1.573638257106701577e+00
0.000000000000000000e+00,-1.629295490721821560e+00
0.000000000000000000e+00,-1.761870794814131225e+00
0.000000000000000000e+00,-1.563920105061232579e+00
0.000000000000000000e+00,-1.501635654348366211e+00
0.000000000000000000e+00,-1.516487531802442890e+00
0.000000000000000000e+00,-1.491627980939559617e+00
0.000000000000000000e+00,-1.331903755091663033e+00
0.000000000000000000e+00,-1.267063253043776205e+00
0.000000000000000000e+00,-1.393207467413503764e+00
0.000000000000000000e+00,-1.429780248636608686e+00
0.000000000000000000e+00,-1.428573943461103335e+00
0.000000000000000000e+00,-1.411879666559896718e+00
0.000000000000000000e+00,-1.647307841038728071e+00
0.000000000000000000e+00,-1.523463961203794126e+00
0.000000000000000000e+00,-1.401392130779246736e+00
0.000000000000000000e+00,-1.328832209548006960e+00
0.000000000000000000e+00,-1.305626848943043372e+00
0.000000000000000000e+00,-1.110381234845424947e+00
0.000000000000000000e+00,-1.142900615466598158e+00
0.000000000000000000e+00,-1.616999969148379179e+00
0.000000000000000000e+00,-1.234347643532234251e+00
0.000000000000000000e+00,-1.234463878441428353e+00
0.000000000000000000e+00,-1.466287552552787865e+00
0.000000000000000000e+00,-1.588101737388222023e+00
0.000000000000000000e+00,-1.035822276206455284e+00
0.000000000000000000e+00,-1.232470830430766329e+00
0.000000000000000000e+00,-3.936726226311155763e-01
0.000000000000000000e+00,-9.103896834205275068e-01
0.000000000000000000e+00,-1.265479615853009276e+00
0.000000000000000000e+00,-1.490111343783786735e+00
0.000000000000000000e+00,-1.493693409291056096e+00
0.000000000000000000e+00,-7.154565331224718161e-01
0.000000000000000000e+00,-6.114627333521659436e-01
0.000000000000000000e+00,-1.325960445926878117e+00
0.000000000000000000e+00,-1.459560444493777753e+00
0.000000000000000000e+00,-1.157770562627082001e+00
0.000000000000000000e+00,-1.263936686259261144e+00
0.000000000000000000e+00,1.089600156505145939e-01
0.000000000000000000e+00,-1.044228750294110108e+00
0.000000000000000000e+00,-1.510948456182121591e+00
0.000000000000000000e+00,-1.248361005396840584e+00
0.000000000000000000e+00,-1.342136690739335947e+00
0.000000000000000000e+00,2.455515657798957307e-01
0.000000000000000000e+00,-1.447667430706321978e+00
0.000000000000000000e+00,-1.291998737279652643e+00
0.000000000000000000e+00,-1.679092251579058281e+00
0.000000000000000000e+00,-1.523095257980918271e+00
0.000000000000000000e+00,-1.445019711141604990e+00
0.000000000000000000e+00,-1.236076244435079019e+00
0.000000000000000000e+00,-1.438379297067269080e+00
0.000000000000000000e+00,-1.448133385495143921e+00
0.000000000000000000e+00,-1.028654490644552943e+00
0.000000000000000000e+00,-1.481974291048971271e+00
0.000000000000000000e+00,-6.037035202086349361e-01
0.000000000000000000e+00,-1.240425967919052574e+00
0.000000000000000000e+00,-1.497385720310452140e+00
0.000000000000000000e+00,-1.674134452019912178e+00
0.000000000000000000e+00,-1.531823636782157827e+00
0.000000000000000000e+00,-1.509969849610391268e+00
0.000000000000000000e+00,-1.260826564937881145e+00
0.000000000000000000e+00,-1.258887319985623421e+00
0.000000000000000000e+00,-1.342777759255982861e+00
0.000000000000000000e+00,-1.165169092248895533e+00
0.000000000000000000e+00,-1.111925179591218171e+00
0.000000000000000000e+00,-5.235396025816000387e-01
0.000000000000000000e+00,-1.368548409079579864e+00
0.000000000000000000e+00,-1.286037662954073735e+00
0.000000000000000000e+00,-8.662585876436689203e-01
0.000000000000000000e+00,-1.279370042804921948e+00
0.000000000000000000e+00,-9.208069706796383480e-01
0.000000000000000000e+00,-7.258118961068155128e-01
0.000000000000000000e+00,-1.452182319428076074e+00
0.000000000000000000e+00,-1.605924761848668281e+00
0.000000000000000000e+00,-1.513616580302950432e+00
0.000000000000000000e+00,-1.451514349382226898e+00
0.000000000000000000e+00,-1.367765422306991052e+00
0.000000000000000000e+00,-1.129660291884535983e+00
0.000000000000000000e+00,-1.480473084204287693e+00
0.000000000000000000e+00,-1.041498397352900618e+00
0.000000000000000000e+00,-9.348432749804699293e-01
0.000000000000000000e+00,-1.260437863219711518e+00
0.000000000000000000e+00,-1.293905497366458768e+00
0.000000000000000000e+00,-1.568746036369685903e+00
0.000000000000000000e+00,-1.501027679788398128e+00
0.000000000000000000e+00,-1.271672855451362549e+00
0.000000000000000000e+00,-1.514888261270177283e+00
0.000000000000000000e+00,-1.566934396029530330e+00
0.000000000000000000e+00,-1.116217953045446576e+00
0.000000000000000000e+00,-1.260158594892031969e+00
0.000000000000000000e+00,-1.357334735040881313e+00
0.000000000000000000e+00,-1.295753784695452104e+00
0.000000000000000000e+00,-1.474536373527797650e+00
0.000000000000000000e+00,-1.460957598253811440e+00
0.000000000000000000e+00,-1.309292055402828225e+00
0.000000000000000000e+00,-1.321118170670494418e+00
0.000000000000000000e+00,-7.684949790061677000e-01
0.000000000000000000e+00,-6.440326685451982502e-01
0.000000000000000000e+00,-1.275015345075926287e+00
0.000000000000000000e+00,-1.232627975967388601e+00
0.000000000000000000e+00,-1.414907662080806761e+00
0.000000000000000000e+00,-1.534667788267652488e+00
0.000000000000000000e+00,-1.317393070240033159e+00
0.000000000000000000e+00,-1.487596406106603153e+00
0.000000000000000000e+00,-1.578135076122048064e+00
0.000000000000000000e+00,-7.933731071514810163e-01
0.000000000000000000e+00,-1.607048839708499433e+00
0.000000000000000000e+00,-1.304627736299996732e+00
0.000000000000000000e+00,-1.603857912284308407e+00
0.000000000000000000e+00,-1.535503461431395822e+00
0.000000000000000000e+00,-1.204792709913931281e+00
0.000000000000000000e+00,-7.570501548467399866e-01
0.000000000000000000e+00,-8.905873155020315179e-01
0.000000000000000000e+00,-1.097506873575716302e+00
0.000000000000000000e+00,-1.564732328212727896e+00
0.000000000000000000e+00,-1.513114283070904564e+00
0.000000000000000000e+00,-1.452765930338955513e+00
0.000000000000000000e+00,-1.491940444739122462e+00
0.000000000000000000e+00,-1.189872106666383766e+00
0.000000000000000000e+00,-1.435138728708059697e+00
0.000000000000000000e+00,-5.033074192870971020e-01
0.000000000000000000e+00,-1.322083275720021600e+00
0.000000000000000000e+00,-1.546404164094508760e+00
0.000000000000000000e+00,-1.456420376187059551e+00
0.000000000000000000e+00,-1.060264092002671577e+00
0.000000000000000000e+00,-1.285790777976641319e+00
0.000000000000000000e+00,-1.135090441690389751e+00
0.000000000000000000e+00,-1.503093920261530991e+00
0.000000000000000000e+00,-1.497900808458269672e+00
0.000000000000000000e+00,-9.443118011379839638e-01
0.000000000000000000e+00,-1.312859299690235515e+00
0.000000000000000000e+00,-1.190350953886181617e+00
0.000000000000000000e+00,-1.388223476931587319e+00
0.000000000000000000e+00,-1.394300177075132874e+00
0.000000000000000000e+00,-1.205972012045030128e+00
0.000000000000000000e+00,-9.120961540087835218e-01
0.000000000000000000e+00,-1.383414600177496068e+00
0.000000000000000000e+00,-9.873820630274378063e-01
0.000000000000000000e+00,-1.561733163009906056e+00
0.000000000000000000e+00,-1.293419645597547740e+00
0.000000000000000000e+00,-1.189280476054345836e+00
0.000000000000000000e+00,-1.265608438647565892e+00
0.000000000000000000e+00,-1.319761013901048052e+00
0.000000000000000000e+00,-1.395445065551893959e+00
0.000000000000000000e+00,-2.055679940814017781e-01
0.000000000000000000e+00,-1.248508202443418202e+00
0.000000000000000000e+00,-1.253979567422313757e+00
0.000000000000000000e+00,-1.262101189846039473e+00
0.000000000000000000e+00,-1.235222298534519370e+00
0.000000000000000000e+00,-1.598096315335643558e+00
0.000000000000000000e+00,-1.417742068106666142e+00
0.000000000000000000e+00,-1.309268402360171279e+00
0.000000000000000000e+00,-1.368742912211471374e+00
0.000000000000000000e+00,-1.380152510594925053e+00
0.000000000000000000e+00,-1.467773024540768079e+00
0.000000000000000000e+00,-1.310617640943663842e+00
0.000000000000000000e+00,-1.180625797291599666e+00
0.000000000000000000e+00,-1.661700159161868751e+00
0.000000000000000000e+00,-1.360532159438162747e+00
0.000000000000000000e+00,-1.179760481688131968e+00
0.000000000000000000e+00,-1.281511607559820742e+00
0.000000000000000000e+00,-1.570645791907379074e+00
0.000000000000000000e+00,-1.037697465064650659e+00
0.000000000000000000e+00,-1.173172043398518438e+00
0.000000000000000000e+00,-1.532444909833920121e+00
0.000000000000000000e+00,-1.552359553568633421e+00
0.000000000000000000e+00,-1.800008026854345689e+00
0.000000000000000000e+00,-1.520651482462114679e+00
0.000000000000000000e+00,-1.573900572395223518e+00
0.000000000000000000e+00,-1.575615164199842377e+00
0.000000000000000000e+00,-1.164452293389664383e+00
0.000000000000000000e+00,-7.505716575236394128e-01
0.000000000000000000e+00,-1.207421953711422802e+00
0.000000000000000000e+00,-1.134064122972527233e+00
0.000000000000000000e+00,-1.210819566092049770e+00
0.000000000000000000e+00,-5.637262235709944447e-01
0.000000000000000000e+00,-1.341057381084705513e+00
0.000000000000000000e+00,-1.435709650218372158e+00
0.000000000000000000e+00,-1.617685298294204044e+00
0.000000000000000000e+00,-1.335161987096461722e+00
0.000000000000000000e+00,-1.296538091165699846e+00
0.000000000000000000e+00,-1.212366251748365542e+00
0.000000000000000000e+00,-1.552330723250545219e+00
0.000000000000000000e+00,-1.540898588491684373e+00
0.000000000000000000e+00,-1.553900148312677088e+00
0.000000000000000000e+00,-1.639327511232737122e-01
0.000000000000000000e+00,-7.989430433939812559e-01
0.000000000000000000e+00,-1.423789633386509879e+00
0.000000000000000000e+00,-1.623394614912532674e+00
0.000000000000000000e+00,-1.494925296298104778e+00
0.000000000000000000e+00,-1.108629691506354709e+00
0.000000000000000000e+00,-8.381268971929656253e-01
0.000000000000000000e+00,-1.185203320894552714e+00
0.000000000000000000e+00,-1.578560323313850766e+00
0.000000000000000000e+00,-1.557385368314818885e+00
0.000000000000000000e+00,-1.143013703404451631e+00
0.000000000000000000e+00,-1.460304246397415628e+00
1.000000000000000000e+00,3.714164103067392753e-01
1.000000000000000000e+00,2.758767967702203672e-01
1.000000000000000000e+00,8.230003007135859860e-01
1.000000000000000000e+00,1.424044193624027232e-02
1.000000000000000000e+00,7.797239629589234333e-01
1.000000000000000000e+00,1.578396052831083196e+00
1.000000000000000000e+00,-1.934771271603047682e-01
1.000000000000000000e+00,1.704388197424415496e+00
1.000000000000000000e+00,7.123268004847885804e-01
1.000000000000000000e+00,3.227900182426021169e-01
1.000000000000000000e+00,2.918104367908159330e-02
1.000000000000000000e+00,1.131870462035873715e+00
1.000000000000000000e+00,8.037855027989463386e-01
1.000000000000000000e+00,9.228344134628104767e-01
1.000000000000000000e+00,-1.630481476309439959e-01
1.000000000000000000e+00,-8.347403334226534410e-02
1.000000000000000000e+00,1.692094925732452737e-01
1.000000000000000000e+00,6.178934996473067764e-01
1.000000000000000000e+00,1.020665022135305744e+00
1.000000000000000000e+00,1.058404314573737848e+00
1.000000000000000000e+00,1.282957165190590665e+00
1.000000000000000000e+00,7.640431123446029815e-01
1.000000000000000000e+00,2.449313265285215646e+00
1.000000000000000000e+00,1.690684050872826694e+00
1.000000000000000000e+00,1.164199400133336670e+00
1.000000000000000000e+00,3.323231080702013229e-01
1.000000000000000000e+00,8.177462797876028366e-01
1.000000000000000000e+00,3.661562984684839650e-01
1.000000000000000000e+00,4.670709390547933548e-01
1.000000000000000000e+00,5.887803601991460356e-01
1.000000000000000000e+00,5.255755891889329900e-02
1.000000000000000000e+00,1.510575774984441066e+00
1.000000000000000000e+00,1.909014831573237814e+00
1.000000000000000000e+00,1.197774538881687834e+00
1.000000000000000000e+00,2.235156789795339272e+00
1.000000000000000000e+00,1.340681772493073076e-01
1.000000000000000000e+00,9.977774041205410560e-01
1.000000000000000000e+00,9.957678091315395053e-01
1.000000000000000000e+00,3.359512780273100907e-02
1.000000000000000000e+00,1.009473173865582663e+00
1.000000000000000000e+00,2.164028960101473664e-01
1.000000000000000000e+00,3.651890615996616352e-01
1.000000000000000000e+00,5.754865381042933992e-01
1.000000000000000000e+00,2.590534940440479272e-01
1.000000000000000000e+00,1.233319478658862378e+00
1.000000000000000000e+00,1.947527263809418763e+00
1.000000000000000000e+00,9.981688467492332295e-01
1.000000000000000000e+00,2.456687143259306538e-01
1.000000000000000000e+00,3.666561593356209015e-01
1.000000000000000000e+00,6.621480544598613849e-02
1.000000000000000000e+00,-2.018624860854160430e-01
1.000000000000000000e+00,1.720891727256298243e+00
1.000000000000000000e+00,9.675989641159760124e-01
1.000000000000000000e+00,6.200716098758385364e-01
1.000000000000000000e+00,-3.909603393963134721e-01
1.000000000000000000e+00,1.200698988893970975e+00
1.000000000000000000e+00,1.259837686448664895e+00
1.000000000000000000e+00,5.168836377991422593e-01
1.000000000000000000e+00,5.730231701510143383e-01
1.000000000000000000e+00,-3.301801409842667900e-01
1.000000000000000000e+00,1.927281883538326079e+00
1.000000000000000000e+00,-8.744855663027237269e-02
1.000000000000000000e+00,1.680644010660752863e-01
1.000000000000000000e+00,1.874711219717133837e+00
1.000000000000000000e+00,5.129594660525852445e-01
1.000000000000000000e+00,1.351207055382830813e+00
1.000000000000000000e+00,8.075854199351508722e-01
1.000000000000000000e+00,6.379671161923238243e-01
1.000000000000000000e+00,7.537206402865291865e-01
1.000000000000000000e+00,7.299279127081184093e-01
1.000000000000000000e+00,1.567320744016167833e+00
1.000000000000000000e+00,1.209754551199431205e+00
1.000000000000000000e+00,1.185410206546549661e-01
1.000000000000000000e+00,6.730619375525841441e-01
1.000000000000000000e+00,2.802054050916501504e-01
1.000000000000000000e+00,1.655888699365948735e+00
1.000000000000000000e+00,7.144220743064187973e-01
1.000000000000000000e+00,1.397544685645491391e+00
1.000000000000000000e+00,5.812487441441854807e-01
1.000000000000000000e+00,5.277071889068074562e-01
1.000000000000000000e+00,1.324455768683412638e+00
1.000000000000000000e+00,1.968916923466045077e+00
1.000000000000000000e+00,-1.991333347796811828e-02
1.000000000000000000e+00,8.774136685275221170e-01
1.000000000000000000e+00,1.251765603444752850e+00
1.000000000000000000e+00,1.670577137340721663e+00
1.000000000000000000e+00,9.606167483479660651e-01
1.000000000000000000e+00,-3.608484933659242833e-01
1.000000000000000000e+00,1.439108884507423747e-01
1.000000000000000000e+00,5.268398429992489085e-01
1.000000000000000000e+00,1.040056456505838556e+00
1.000000000000000000e+00,1.522545635781730633e+00
1.000000000000000000e+00,1.605376357831935330e+00
1.000000000000000000e+00,1.175952424453736711e+00
1.000000000000000000e+00,1.323288749892062910e+00
1.000000000000000000e+00,4.748224370427796548e-01
1.000000000000000000e+00,1.122473402582353064e+00
1.000000000000000000e+00,1.439119628572124832e+00
1.000000000000000000e+00,1.395665842239932619e+00
1.000000000000000000e+00,1.952585563421055825e+00
1.000000000000000000e+00,-7.829553972845723631e-02
1.000000000000000000e+00,1.184275266559833284e-01
1.000000000000000000e+00,-6.682574282871360516e-02
1.000000000000000000e+00,6.238386360857732793e-01
1.000000000000000000e+00,9.555535760065112516e-01
1.000000000000000000e+00,4.119642223938739800e-01
1.000000000000000000e+00,7.834966740203122004e-01
1.000000000000000000e+00,8.977158973131551534e-01
1.000000000000000000e+00,8.494007508661264305e-01
1.000000000000000000e+00,1.049858764655868137e+00
1.000000000000000000e+00,1.095553600643404790e+00
1.000000000000000000e+00,7.479202810767111853e-02
1.000000000000000000e+00,6.866121870540957683e-01
1.000000000000000000e+00,1.972515840497267581e+00
1.000000000000000000e+00,3.033062050359411344e-01
1.000000000000000000e+00,4.054189280661885109e-01
1.000000000000000000e+00,1.959123142593196532e+00
1.000000000000000000e+00,1.253347210331429151e+00
1.000000000000000000e+00,1.235714019303465694e+00
1.000000000000000000e+00,1.169386014963507581e+00
1.000000000000000000e+00,1.297668342571179689e+00
1.000000000000000000e+00,1.120350922685907191e+00
1.000000000000000000e+00,4.325923149860686490e-01
1.000000000000000000e+00,-3.489683720094446939e-01
1.000000000000000000e+00,6.429141551397891119e-01
1.000000000000000000e+00,1.513112842976213290e+00
1.000000000000000000e+00,2.824702093048560569e-01
1.000000000000000000e+00,-1.781968389961051044e-02
1.000000000000000000e+00,1.070296617754761703e+00
1.000000000000000000e+00,1.455805479711355099e+00
1.000000000000000000e+00,4.277654700407744204e-01
1.000000000000000000e+00,-3.013906320081680135e-01
1.000000000000000000e+00,1.260954353698564789e+00
1.000000000000000000e+00,-5.154114831847839140e-01
1.000000000000000000e+00,1.138727205011076604e+00
1.000000000000000000e+00,1.526436510541199665e+00
1.000000000000000000e+00,1.175749800105482246e+00
1.000000000000000000e+00,1.953782850290337325e-01
1.000000000000000000e+00,5.196850513835272745e-01
1.000000000000000000e+00,1.475070223106626610e+00
1.000000000000000000e+00,6.401273762918370525e-02
1.000000000000000000e+00,4.221908640988655259e-01
1.000000000000000000e+00,5.636835683032614952e-01
1.000000000000000000e+00,1.172625974231489732e+00
1.000000000000000000e+00,2.184991849838228972e-01
1.000000000000000000e+00,1.083632467144292510e+00
1.000000000000000000e+00,1.625726315310680181e-01
1.000000000000000000e+00,1.133845947916150898e+00
1.000000000000000000e+00,1.961171126876492532e-01
1.000000000000000000e+00,2.147301284697974433e-01
1.000000000000000000e+00,1.313770091770487536e-01
1.000000000000000000e+00,1.025466691309874889e+00
1.000000000000000000e+00,3.609932351657653693e-01
1.000000000000000000e+00,1.215126735823494730e+00
1.000000000000000000e+00,1.814948626262339049e-01
1.000000000000000000e+00,1.069247356600674159e+00
1.000000000000000000e+00,3.293858671421466822e-01
1.000000000000000000e+00,3.570666270542994791e-01
1.000000000000000000e+00,-8.214905689265694644e-02
1.000000000000000000e+00,-4.758970958798292017e-01
1.000000000000000000e+00,8.584709313610399128e-01
1.000000000000000000e+00,1.010939865540723792e+00
1.000000000000000000e+00,1.179210250397717097e+00
1.000000000000000000e+00,1.377630651002005324e+00
1.000000000000000000e+00,1.153271085334589996e+00
1.000000000000000000e+00,1.142264400797941004e+00
1.000000000000000000e+00,2.176584953142776335e+00
1.000000000000000000e+00,-6.211726461190877902e-02
1.000000000000000000e+00,8.325065905271876732e-01
1.000000000000000000e+00,1.335375962265796579e+00
1.000000000000000000e+00,1.397895522192369011e+00
1.000000000000000000e+00,3.795993479140050697e-01
1.000000000000000000e+00,1.437676488424436183e+00
1.000000000000000000e+00,6.688295656450548021e-01
1.000000000000000000e+00,1.652690564362235603e+00
1.000000000000000000e+00,1.289806193010248903e+00
1.000000000000000000e+00,1.681589912789642760e+00
1.000000000000000000e+00,5.426902240051449944e-01
1.000000000000000000e+00,1.332863663983931080e+00
1.000000000000000000e+00,1.479541358775225524e+00
1.000000000000000000e+00,7.991600640194522764e-01
1.000000000000000000e+00,4.912220153052173632e-01
1.000000000000000000e+00,6.920980687072398885e-01
1.000000000000000000e+00,1.919983346392980961e+00
1.000000000000000000e+00,7.663848650828474218e-01
1.000000000000000000e+00,9.720599482641212319e-01
1.000000000000000000e+00,9.177696168780831165e-01
1.000000000000000000e+00,4.146391480334066793e-01
1.000000000000000000e+00,1.078660878064309214e-01
1.000000000000000000e+00,1.690684050872826694e+00
1.000000000000000000e+00,3.960332383155760749e-01
1.000000000000000000e+00,2.310098562270615385e+00
1.000000000000000000e+00,1.116534357056158777e+00
1.000000000000000000e+00,-8.052906071168619909e-03
1.000000000000000000e+00,7.790076716757149411e-01
1.000000000000000000e+00,-9.003800646758550186e-02
1.000000000000000000e+00,1.310812531254545998e+00
1.000000000000000000e+00,1.762012694188245243e+00
1.000000000000000000e+00,4.434684509696837362e-01
1.000000000000000000e+00,4.748224370427796548e-01
1.000000000000000000e+00,8.424254381320249729e-01
1.000000000000000000e+00,1.122473402582353064e+00
1.000000000000000000e+00,4.334677821099900963e-01
1.000000000000000000e+00,9.283133920820462182e-01
1.000000000000000000e+00,1.217099192794615647e-01
1.000000000000000000e+00,1.673931199698602601e+00
1.000000000000000000e+00,-8.771026282756708148e-02
1.000000000000000000e+00,1.237215226148149272e+00
1.000000000000000000e+00,1.665847154447535061e-01
1.000000000000000000e+00,1.867466282599783867e+00
1.000000000000000000e+00,3.708897494256047089e-01
1.000000000000000000e+00,1.221461284586562668e+00
1.000000000000000000e+00,8.107405124921405193e-01
1.000000000000000000e+00,1.059028430051227376e+00
1.000000000000000000e+00,4.475840803919962640e-01
1.000000000000000000e+00,4.966605908730475916e-01
1.000000000000000000e+00,1.608375116973938868e+00
1.000000000000000000e+00,2.297395575213143915e-01
1.000000000000000000e+00,1.530067506377055686e+00
1.000000000000000000e+00,9.570689949798298901e-01
1.000000000000000000e+00,1.449469712765832696e+00
1.000000000000000000e+00,2.886967458902973682e-01
1.000000000000000000e+00,2.307333913737252273e-01
1.000000000000000000e+00,8.641728373694373966e-01
1.000000000000000000e+00,9.919512435017910912e-01
1.000000000000000000e+00,1.312763653485734539e+00
1.000000000000000000e+00,3.580466548388933634e-01
1.000000000000000000e+00,2.421898475208948298e+00
1.000000000000000000e+00,8.477724469853633593e-01
1.000000000000000000e+00,9.342183284995164705e-01
1.000000000000000000e+00,9.719527482081308234e-01
1.000000000000000000e+00,6.474423423533374189e-01
1.000000000000000000e+00,1.632841499449652956e+00
1.000000000000000000e+00,1.345004476385659897e+00
1.000000000000000000e+00,1.259114086070729943e+00
1.000000000000000000e+00,2.100294652690439356e+00
1.000000000000000000e+00,4.600018262717003314e-01
1.000000000000000000e+00,2.236728245161561990e+00
1.000000000000000000e+00,3.543186104675005721e-01
1.000000000000000000e+00,6.743138230549263756e-01
1.000000000000000000e+00,2.354278791406469562e+00
1.000000000000000000e+00,1.569088952395761849e-01
1.000000000000000000e+00,1.258039243085099068e+00
1.000000000000000000e+00,4.538670594311598472e-01
1.000000000000000000e+00,1.180250172152987442e+00
1.000000000000000000e+00,1.694039737473980178e+00
1.000000000000000000e+00,2.136658430654383711e-01
1.000000000000000000e+00,4.484544883026706646e-02
1.000000000000000000e+00,2.430966625399770820e+00
1.000000000000000000e+00,1.462989507705983128e+00
1.000000000000000000e+00,9.234077713380318686e-01
1.000000000000000000e+00,-7.163269079391867966e-02
1.000000000000000000e+00,1.318499262542037975e+00
1.000000000000000000e+00,3.871169714177193771e-02
1.000000000000000000e+00,8.806690581065936829e-01
1.000000000000000000e+00,1.462707108953942847e-01
1.000000000000000000e+00,1.107444279581156099e+00
1.000000000000000000e+00,1.060300618594476774e+00
1.000000000000000000e+00,5.458199377610005731e-01
1.000000000000000000e+00,3.653023525679242045e-01
1.000000000000000000e+00,-9.037706725073689495e-02
1.000000000000000000e+00,3.432569046899930365e-01
1.000000000000000000e+00,-1.859012504761662909e-01
1.000000000000000000e+00,2.893610613887832583e-01
1.000000000000000000e+00,2.865882750920774602e-01
1.000000000000000000e+00,6.641306298574763956e-01
1.000000000000000000e+00,-3.392121352152948494e-02
1.000000000000000000e+00,1.612060338475997112e-01
1.000000000000000000e+00,5.171660696451420985e-02
1.000000000000000000e+00,5.440755004862479760e-01
1.000000000000000000e+00,3.975697724514382081e-01
1.000000000000000000e+00,-6.574474967638583855e-01
1.000000000000000000e+00,-4.357825506856555786e-01
1.000000000000000000e+00,1.840134713977603989e-02
1.000000000000000000e+00,-9.099164029899993456e-02
1.000000000000000000e+00,3.752605880721216480e-01
1.000000000000000000e+00,1.334237773792535053e+00
1.000000000000000000e+00,9.506438946543154245e-01
1.000000000000000000e+00,-7.802348063499779940e-01
1.000000000000000000e+00,-3.224292520875076673e-01
1.000000000000000000e+00,6.563582197373556415e-01
1.000000000000000000e+00,6.474959423813325676e-01
1.000000000000000000e+00,8.103368880389040241e-01
1.000000000000000000e+00,-4.696837562709775815e-01
1.000000000000000000e+00,-1.436735482373844089e-02
1.000000000000000000e+00,-5.649080635822065766e-01
1.000000000000000000e+00,9.065988837709035852e-01
1.000000000000000000e+00,9.269445610640780764e-01
1.000000000000000000e+00,-1.680830987455377012e-01
1.000000000000000000e+00,7.172839909527074509e-01
1.000000000000000000e+00,8.294635707560060744e-01
1.000000000000000000e+00,-2.281287331375593808e-01
1.000000000000000000e+00,3.885381842812282716e-02
1.000000000000000000e+00,4.458786249557856740e-01
1.000000000000000000e+00,-2.005440066088979845e-01
1.000000000000000000e+00,-2.170574849308254395e-01
1.000000000000000000e+00,9.186812234148195033e-01
1.000000000000000000e+00,5.389674584243880906e-01
1.000000000000000000e+00,-2.591704584415015500e-01
1.000000000000000000e+00,2.442944014869176117e-01
1.000000000000000000e+00,-2.083625046318783036e-01
1.000000000000000000e+00,3.427836408064446339e-01
1.000000000000000000e+00,1.105854145417298762e+00
1.000000000000000000e+00,-3.116408252406119850e-01
1.000000000000000000e+00,-5.125065240917717757e-01
1.000000000000000000e+00,-2.160185783276004912e-01
1.000000000000000000e+00,-4.759352655967348245e-01
1.000000000000000000e+00,-5.112286506970682431e-01
1.000000000000000000e+00,3.685443421399969832e-01
1.000000000000000000e+00,1.641261170513897527e+00
1.000000000000000000e+00,9.829421917069881831e-02
1.000000000000000000e+00,8.152526603033720676e-01
1.000000000000000000e+00,-2.080940984310842012e-01
1.000000000000000000e+00,9.363818205385950888e-01
1.000000000000000000e+00,-1.879496242733006972e-01
1.000000000000000000e+00,-1.361255032662686271e-01
1.000000000000000000e+00,8.684019607904215343e-01
1.000000000000000000e+00,4.810532372668115397e-01
1.000000000000000000e+00,5.890660239847114177e-01
1.000000000000000000e+00,-2.087338472500722686e-01
1.000000000000000000e+00,5.823625689683582518e-01
1.000000000000000000e+00,9.199073406021891774e-02
1.000000000000000000e+00,-1.882145789571405547e-01
1.000000000000000000e+00,4.125773742292734858e-01
1.000000000000000000e+00,1.294175626990881900e-01
1.000000000000000000e+00,7.328324657403123554e-01
1.000000000000000000e+00,-5.542020670813944117e-01
1.000000000000000000e+00,2.432810767152358000e-01
1.000000000000000000e+00,9.691468679547462495e-01
1.000000000000000000e+00,3.754662578765122771e-01
1.000000000000000000e+00,8.181803588022003026e-01
1.000000000000000000e+00,9.179961988146082552e-01
1.000000000000000000e+00,-4.868909895007064170e-01
1.000000000000000000e+00,2.482212126287925702e-01
1.000000000000000000e+00,-3.945054368221520558e-02
1.000000000000000000e+00,-5.470387481884916303e-01
1.000000000000000000e+00,6.017383699973926081e-01
1.000000000000000000e+00,6.935444573414737413e-01
1.000000000000000000e+00,8.406054735450972926e-01
1.000000000000000000e+00,-1.498601043792181509e-01
1.000000000000000000e+00,3.044809389828357360e-01
1.000000000000000000e+00,4.325854119521601593e-01
1.000000000000000000e+00,-1.597889004741000485e-01
1.000000000000000000e+00,2.506161593342140503e-01
1.000000000000000000e+00,3.243389372334176679e-01
1.000000000000000000e+00,1.769500269191416897e-01
1.000000000000000000e+00,1.010484265302764584e+00
1.000000000000000000e+00,2.105558232592628642e-01
1.000000000000000000e+00,-6.488804256226270439e-01
1.000000000000000000e+00,1.178537001561231978e+00
1.000000000000000000e+00,1.277645483628430778e+00
1.000000000000000000e+00,-5.334878730487731952e-02
1.000000000000000000e+00,4.940410925351917393e-01
1.000000000000000000e+00,2.599523096650127596e-01
1.000000000000000000e+00,4.515754552039563663e-01
1.000000000000000000e+00,-3.766803986045947350e-01
1.000000000000000000e+00,7.663016226151276866e-01
1.000000000000000000e+00,2.216372010287115835e+00
1.000000000000000000e+00,3.515681575157928451e-01
1.000000000000000000e+00,3.558366688361371266e-01
1.000000000000000000e+00,-2.799506208100916438e-01
1.000000000000000000e+00,1.022068368322816223e+00
1.000000000000000000e+00,4.626625563295776872e-02
1.000000000000000000e+00,-3.715561141100089948e-01
1.000000000000000000e+00,5.128577643646195505e-02
1.000000000000000000e+00,1.568530618770811735e-01
1.000000000000000000e+00,-6.013353735172110026e-01
1.000000000000000000e+00,-3.076579777058329745e-01
1.000000000000000000e+00,7.517492150144333696e-01
1.000000000000000000e+00,6.069217528879981144e-02
1.000000000000000000e+00,2.189529579481003796e-01
1.000000000000000000e+00,3.635288819446741981e-01
1.000000000000000000e+00,3.015146647062836860e-01
1.000000000000000000e+00,-2.026155258726666519e-01
1.000000000000000000e+00,1.364458663699575913e-01
1.000000000000000000e+00,5.277404858938954391e-01
1.000000000000000000e+00,1.054932900639413029e+00
1.000000000000000000e+00,-9.519646263471610581e-01
1.000000000000000000e+00,-4.800711980599546846e-01
1.000000000000000000e+00,1.233246387711596226e+00
1.000000000000000000e+00,5.436787790669199705e-01
1.000000000000000000e+00,-1.853711380780775075e-01
1.000000000000000000e+00,1.208123810953759314e+00
1.000000000000000000e+00,7.642022881853159921e-01
1.000000000000000000e+00,9.292647925789608854e-01
1.000000000000000000e+00,-2.038755325913717831e-01
1.000000000000000000e+00,-4.985680804481132933e-01
1.000000000000000000e+00,-3.464704888866234067e-01
1.000000000000000000e+00,4.541307959325452392e-01
1.000000000000000000e+00,2.664937464149258473e-01
1.000000000000000000e+00,3.025434197890550236e-01
1.000000000000000000e+00,3.755935579430008664e-01
1.000000000000000000e+00,5.351242958110511427e-01
1.000000000000000000e+00,-1.436266647598683499e-01
1.000000000000000000e+00,-2.271655568769185285e-01
1.000000000000000000e+00,-1.295264058801788853e-01
1.000000000000000000e+00,1.012099388753917584e-01
1.000000000000000000e+00,-2.087758745447503006e-01
1.000000000000000000e+00,1.914545358902745853e-02
1.000000000000000000e+00,-1.498184831453582555e-01
1.000000000000000000e+00,2.224703566153822809e+00
1.000000000000000000e+00,-3.022437657870915007e-01
1.000000000000000000e+00,3.474464371812081009e-01
1.000000000000000000e+00,3.594095979749983849e-01
1.000000000000000000e+00,-4.597021722697367530e-01
1.000000000000000000e+00,2.560764591558150616e-01
1.000000000000000000e+00,6.896771341094570795e-01
1.000000000000000000e+00,6.215715985380676489e-01
1.000000000000000000e+00,5.431161818033795052e-01
1.000000000000000000e+00,8.581022281381638361e-01
1.000000000000000000e+00,1.494586943786536948e-01
1.000000000000000000e+00,-2.256576500287356402e-01
1.000000000000000000e+00,1.324566623286766331e+00
1.000000000000000000e+00,-4.887322722805866881e-01
1.000000000000000000e+00,6.191790881975550720e-01
1.000000000000000000e+00,-2.170574849308254395e-01
1.000000000000000000e+00,1.765863994564924877e-01
1.000000000000000000e+00,-7.031482040862782612e-02
1.000000000000000000e+00,6.420758425807279179e-01
1.000000000000000000e+00,-4.218169009671813297e-01
1.000000000000000000e+00,4.940410925351917393e-01
1.000000000000000000e+00,6.839334038367905766e-01
1.000000000000000000e+00,4.140288386237341856e-01
1.000000000000000000e+00,5.250458663046826402e-01
1.000000000000000000e+00,-8.493321289227077908e-02
1.000000000000000000e+00,9.468634684373818944e-01
1.000000000000000000e+00,1.337768066545490964e+00
1.000000000000000000e+00,8.904831420203495052e-01
1.000000000000000000e+00,1.016171959182527118e+00
1.000000000000000000e+00,8.821613316132779214e-01
1.000000000000000000e+00,1.181882536641931880e+00
1.000000000000000000e+00,-9.558276693936074153e-02
1.000000000000000000e+00,-4.234005381579483696e-01
1.000000000000000000e+00,-6.417436871663330378e-02
1.000000000000000000e+00,-3.161775397313413283e-01
1.000000000000000000e+00,9.363818205385950888e-01
1.000000000000000000e+00,5.640092290794140872e-01
1.000000000000000000e+00,1.237196953411332734e+00
1.000000000000000000e+00,8.242030528569326275e-01
1.000000000000000000e+00,5.844282003502638823e-01
1.000000000000000000e+00,6.540526064119260852e-01
1.000000000000000000e+00,1.079350555816949386e+00
1.000000000000000000e+00,7.125095278529539611e-01
1.000000000000000000e+00,8.183163891762790243e-01
1.000000000000000000e+00,5.428475725721763068e-01
1.000000000000000000e+00,1.075328117352401192e+00
1.000000000000000000e+00,-2.580988639424158793e-01
1.000000000000000000e+00,2.918402657139698708e-01
1.000000000000000000e+00,-6.743696752992491827e-01
1.000000000000000000e+00,-2.631376726347819384e-01
1.000000000000000000e+00,2.637631904433072050e-01
1.000000000000000000e+00,4.234376738409809104e-01
1.000000000000000000e+00,-4.777316621092302790e-02
1.000000000000000000e+00,-1.283500476900117093e-01
1.000000000000000000e+00,1.911348057034301107e+00
1.000000000000000000e+00,1.299763023848562460e-01
1.000000000000000000e+00,7.953678620387925058e-01
1.000000000000000000e+00,6.254787322772423219e-02
1.000000000000000000e+00,9.079285464669004102e-02
1.000000000000000000e+00,4.876275649429944181e-01
1.000000000000000000e+00,2.845955316270289970e-01
1.000000000000000000e+00,1.015003316147904622e+00
1.000000000000000000e+00,-2.309624285569869540e-01
1.000000000000000000e+00,-1.177455663937358871e-01
1.000000000000000000e+00,4.021270095604635719e-02
1.000000000000000000e+00,4.418990259075518123e-01
1.000000000000000000e+00,-2.068044492726544559e-01
1.000000000000000000e+00,1.682363678225598513e-01
1.000000000000000000e+00,8.473127861392227844e-01
1.000000000000000000e+00,5.573683074290552986e-01
1.000000000000000000e+00,5.239811748395054591e-01
1.000000000000000000e+00,9.728801911167749283e-01
1.000000000000000000e+00,5.465425395338700115e-02
1.000000000000000000e+00,-4.785328366504108533e-01
1.000000000000000000e+00,-6.713920523334210994e-03
1.000000000000000000e+00,2.324407333380422713e+00
1.000000000000000000e+00,4.710442441603459596e-01
1.000000000000000000e+00,7.995937369732315503e-01
1.000000000000000000e+00,7.642331488074950441e-01
1.000000000000000000e+00,4.240288983922005928e-01
1.000000000000000000e+00,5.208132913667442576e-01
1.000000000000000000e+00,-1.000343727373047553e+00
1.000000000000000000e+00,-3.408404556430376098e-01
1.000000000000000000e+00,9.096455580894483584e-01
1.000000000000000000e+00,-6.950127755947355102e-02
1.000000000000000000e+00,1.404774412029140551e-01
1.000000000000000000e+00,9.980977861060578160e-01
1.000000000000000000e+00,-4.397396133584823841e-01
1.000000000000000000e+00,9.331225899287308445e-02
1.000000000000000000e+00,-7.165461807809853090e-02
1.000000000000000000e+00,1.102182949560446268e+00
1.000000000000000000e+00,3.981800818611107018e-01
1.000000000000000000e+00,9.786379470346470710e-02
1.000000000000000000e+00,-1.117350541635478978e-01
1.000000000000000000e+00,-8.169020816815265873e-02
1.000000000000000000e+00,1.802241545502726749e+00
1.000000000000000000e+00,-2.925713970988683688e-01
1.000000000000000000e+00,6.621555500380172932e-01
1.000000000000000000e+00,-6.773937966954071688e-02
1.000000000000000000e+00,3.600398043647600188e-01
1.000000000000000000e+00,4.162134458253563540e-01
1.000000000000000000e+00,-5.905534436434056733e-01
1.000000000000000000e+00,-8.246273887467425734e-02
1.000000000000000000e+00,-1.210318487042458369e+00
1.000000000000000000e+00,-2.127097917509428171e-01
1.000000000000000000e+00,-6.802770480816282550e-01
1.000000000000000000e+00,-9.828343848946186068e-01
1.000000000000000000e+00,1.522329611426477269e+00
1.000000000000000000e+00,4.502799181636634729e-01
1.000000000000000000e+00,-9.163362245248779514e-02
1.000000000000000000e+00,3.448971873648913333e-01
1.000000000000000000e+00,-4.204080564116462193e-02
1.000000000000000000e+00,3.457732635800400134e-01
1.000000000000000000e+00,-7.115770280659108327e-01
1.000000000000000000e+00,2.578560206913371733e-01
1.000000000000000000e+00,1.687626818973010145e+00
1.000000000000000000e+00,4.566674578634994930e-01
1.000000000000000000e+00,-1.026336086403351944e+00
1.000000000000000000e+00,-1.189809370269980349e+00
1.000000000000000000e+00,-5.268203709618056729e-01
1.000000000000000000e+00,1.766915692083921574e-01
1.000000000000000000e+00,1.293957352754149026e+00
1.000000000000000000e+00,-8.853889249081342561e-01
1.000000000000000000e+00,-7.545406989906014994e-01
1.000000000000000000e+00,-3.355017710364711636e-01
1.000000000000000000e+00,2.335743958878794269e-01
1.000000000000000000e+00,-4.649092931712240917e-01
1.000000000000000000e+00,6.472571786202631072e-01
1.000000000000000000e+00,1.193767936789047246e+00
1.000000000000000000e+00,8.863015277150882998e-01
1.000000000000000000e+00,-2.487661485815916701e-02
1.000000000000000000e+00,-6.638740017552566264e-02
1.000000000000000000e+00,5.604866514820028289e-01
1.000000000000000000e+00,4.751612737818899403e-03
1.000000000000000000e+00,-7.073996773992401454e-01
1.000000000000000000e+00,-2.142061258658085610e-01
1.000000000000000000e+00,-3.520302736086700079e-01
1.000000000000000000e+00,-2.452180056996170199e-01
1.000000000000000000e+00,3.751280257619769160e-02
1.000000000000000000e+00,-1.107566116708427417e+00
1.000000000000000000e+00,-9.838406036019828882e-01
1.000000000000000000e+00,-3.529388346892702866e-01
1.000000000000000000e+00,-8.386527294054842152e-02
1.000000000000000000e+00,-1.267142434903314463e+00
1.000000000000000000e+00,-9.689631443163631008e-01
1.000000000000000000e+00,1.068977326156607344e+00
1.000000000000000000e+00,-2.142061258658085610e-01
1.000000000000000000e+00,-1.132294611442254295e+00
1.000000000000000000e+00,1.111710354536591616e+00
1.000000000000000000e+00,1.012600248226120270e+00
1.000000000000000000e+00,1.961399519539719583e+00
1.000000000000000000e+00,1.779281242601514101e+00
1.000000000000000000e+00,-1.109501386020728675e-01
1.000000000000000000e+00,2.292060101532510802e-02
1.000000000000000000e+00,2.640687512089616162e-01
1.000000000000000000e+00,-3.404445463453458776e-01
1.000000000000000000e+00,-2.879743825766444831e-01
1.000000000000000000e+00,-1.768806094010665630e-01
1.000000000000000000e+00,-7.238615859972631350e-01
1.000000000000000000e+00,3.611745413210672995e-01
1.000000000000000000e+00,-1.951220795346117198e-01
1.000000000000000000e+00,1.166172043587886842e+00
1.000000000000000000e+00,-6.921480165227197889e-02
1.000000000000000000e+00,-6.306541827697622615e-01
1.000000000000000000e+00,-1.088909753933942293e+00
1.000000000000000000e+00,8.474398831753023886e-01
1.000000000000000000e+00,1.878432767115436164e+00
1.000000000000000000e+00,1.240410924786953473e+00
1.000000000000000000e+00,5.323827761973425332e-01
1.000000000000000000e+00,-1.394186565014277068e-01
1.000000000000000000e+00,-6.257775953742452657e-01
1.000000000000000000e+00,-1.422467803908242123e+00
1.000000000000000000e+00,5.431584121284666056e-01
1.000000000000000000e+00,-8.578066347443817907e-01
1.000000000000000000e+00,-6.819934671599288123e-01
1.000000000000000000e+00,-3.358885439657546268e-01
1.000000000000000000e+00,1.068916823094703705e+00
1.000000000000000000e+00,-7.884520560963771407e-01
1.000000000000000000e+00,1.829570876323754480e-01
1.000000000000000000e+00,2.553012984950436652e-04
1.000000000000000000e+00,5.612035518564385539e-01
1.000000000000000000e+00,1.998577449444045306e-01
1.000000000000000000e+00,-7.840131857158411099e-02
1.000000000000000000e+00,4.494822116864168882e-01
1.000000000000000000e+00,1.073091128305238229e+00
1.000000000000000000e+00,1.508974271117675681e+00
1.000000000000000000e+00,7.366409101536979254e-01
1.000000000000000000e+00,-8.853720568372015765e-02
1.000000000000000000e+00,1.342444668988071355e+00
1.000000000000000000e+00,1.000517096460568078e+00
1.000000000000000000e+00,-3.451333306124706457e-01
1.000000000000000000e+00,2.757427967002323843e-01
1.000000000000000000e+00,8.490436369235472569e-02
1.000000000000000000e+00,-6.874038215008978492e-01
1.000000000000000000e+00,-8.035491942846134661e-01
1.000000000000000000e+00,-1.081980614070925106e-01
1.000000000000000000e+00,2.838439130526418941e-01
1.000000000000000000e+00,8.250870472580351667e-01
1.000000000000000000e+00,1.521338230485955179e-01
1.000000000000000000e+00,1.707951600681029969e-01
1.000000000000000000e+00,1.289778986935433025e+00
1.000000000000000000e+00,-4.491588031265918435e-01
1.000000000000000000e+00,4.113185856930228201e-01
1.000000000000000000e+00,9.484324874386956816e-01
1.000000000000000000e+00,-6.167165512477400524e-01
1.000000000000000000e+00,3.760489551505509231e-01
1.000000000000000000e+00,4.310466610287779637e-02
1.000000000000000000e+00,-1.030349388499491869e+00
1.000000000000000000e+00,-6.602649497505600484e-01
1.000000000000000000e+00,1.952225607052749667e-01
1.000000000000000000e+00,-7.072587742953437839e-01
1.000000000000000000e+00,5.229944470514121813e-01
1.000000000000000000e+00,-6.167165512477400524e-01
1.000000000000000000e+00,4.138954476449734354e-01
1.000000000000000000e+00,-3.938181954344207036e-01
1.000000000000000000e+00,2.198198758371018968e+00
1.000000000000000000e+00,-2.807836545785168947e-01
1.000000000000000000e+00,-4.405515319643640848e-01
1.000000000000000000e+00,-3.918496125880518988e-01
1.000000000000000000e+00,1.633579531533611851e-01
1.000000000000000000e+00,7.743785783488574825e-01
1.000000000000000000e+00,4.310466610287779637e-02
1.000000000000000000e+00,-2.648069886581776444e-01
1.000000000000000000e+00,2.259690797944254315e-01
1.000000000000000000e+00,8.813930645453469381e-01
1.000000000000000000e+00,2.156590518457297545e+00
1.000000000000000000e+00,6.373911189217846829e-01
1.000000000000000000e+00,3.760489551505509231e-01
1.000000000000000000e+00,1.360887358803987424e-01
1.000000000000000000e+00,1.006968996800080118e+00
1.000000000000000000e+00,1.862338546588243826e+00
1.000000000000000000e+00,5.085969516528402457e-01
1.000000000000000000e+00,-6.111630604683746526e-01
1.000000000000000000e+00,7.159675417802801034e-01
1.000000000000000000e+00,5.829509510938509775e-01
1.000000000000000000e+00,2.053204811309144173e-01
1.000000000000000000e+00,8.489467748714398798e-01
1.000000000000000000e+00,-7.837151536223021520e-01
1.000000000000000000e+00,-2.329945599213955609e-01
1.000000000000000000e+00,4.053206778951770617e-02
1.000000000000000000e+00,3.656294345569403026e-01
1.000000000000000000e+00,1.871194733031994684e+00
1.000000000000000000e+00,2.101589986700323376e+00
1.000000000000000000e+00,2.278145230429936774e+00
1.000000000000000000e+00,-9.555079130462976744e-01
1.000000000000000000e+00,-2.626034996285117051e-01
1.000000000000000000e+00,3.650609494115367726e-01
1.000000000000000000e+00,-1.929750329586679969e-01
1.000000000000000000e+00,4.628708489823065708e-01
1.000000000000000000e+00,2.267667862716720439e-01
1.000000000000000000e+00,1.388006130543827099e-01
1.000000000000000000e+00,1.166217928460337339e+00
1.000000000000000000e+00,1.729246428589639617e+00
1.000000000000000000e+00,5.035061837227312875e-02
1.000000000000000000e+00,-1.264523139595867818e+00
1.000000000000000000e+00,-1.752275358103966840e-01
1.000000000000000000e+00,4.496606544023597218e-03
1.000000000000000000e+00,4.229510099504336651e-01
1.000000000000000000e+00,-5.545957430445863645e-01
1.000000000000000000e+00,2.469074028516831665e-01
1.000000000000000000e+00,-4.027614819236637889e-01
1.000000000000000000e+00,-7.837151536223021520e-01
1.000000000000000000e+00,-2.278174709734712144e-02
1.000000000000000000e+00,-2.595880919929640651e-01
1.000000000000000000e+00,1.522329611426477269e+00
1.000000000000000000e+00,-4.170065014850220519e-01
1.000000000000000000e+00,-5.905534436434056733e-01
1.000000000000000000e+00,4.628708489823065708e-01
1.000000000000000000e+00,-1.206861285236768611e+00
1.000000000000000000e+00,3.342265181552578346e-01
1.000000000000000000e+00,9.514552041689698925e-01
1.000000000000000000e+00,1.366355560264562508e+00
1.000000000000000000e+00,1.295279080717212317e+00
1.000000000000000000e+00,-8.578066347443817907e-01
1.000000000000000000e+00,1.319673590428114496e+00
1.000000000000000000e+00,-1.423144792260315206e-01
1.000000000000000000e+00,2.642311535784808818e+00
1.000000000000000000e+00,-7.238615859972631350e-01
1.000000000000000000e+00,-4.115760471335547233e-01
1.000000000000000000e+00,1.111710354536591616e+00
1.000000000000000000e+00,-5.493378645408308891e-01
1.000000000000000000e+00,-1.022363593419435501e+00
1.000000000000000000e+00,-1.088909753933942293e+00
1.000000000000000000e+00,3.944081829213582080e-01
1.000000000000000000e+00,4.488061204242048130e-01
1.000000000000000000e+00,-2.973373329214407668e-01
1.000000000000000000e+00,-3.494572692344917741e-01
1.000000000000000000e+00,-7.519790643193313695e-01
1.000000000000000000e+00,1.273771070879076428e-01
1.000000000000000000e+00,6.188412455968580472e-01
1.000000000000000000e+00,-1.801818838525885424e-01
1.000000000000000000e+00,5.829728783780308010e-01
1.000000000000000000e+00,6.890997156260543210e-01
1.000000000000000000e+00,4.905024755354637223e-01
1.000000000000000000e+00,5.618818764531503529e-01
1.000000000000000000e+00,8.345797505812085904e-02
1.000000000000000000e+00,7.159675417802801034e-01
1.000000000000000000e+00,-1.314367189991438589e-01
1.000000000000000000e+00,1.517884869711057849e+00
1.000000000000000000e+00,-1.098659562176246829e-01
1.000000000000000000e+00,7.683956782543034381e-01
1.000000000000000000e+00,1.779281242601514101e+00
1.000000000000000000e+00,1.142332212954571435e+00
1.000000000000000000e+00,5.302816144938492515e-01
1.000000000000000000e+00,-1.383176242477244688e+00
1.000000000000000000e+00,5.283753619830656723e-01
1.000000000000000000e+00,3.869961517773414239e-01
1.000000000000000000e+00,-9.871085810664169680e-01
1.000000000000000000e+00,3.607701047461944754e-01
1.000000000000000000e+00,-5.384077224684024054e-01
1.000000000000000000e+00,-7.802431305967499897e-01
1.000000000000000000e+00,-1.644364695681830579e-01
1.000000000000000000e+00,4.369020414794547169e-01
1.000000000000000000e+00,-8.192227192572275329e-02
1.000000000000000000e+00,7.461723757380246402e-01
1.000000000000000000e+00,-1.094843622184705323e+00
1.000000000000000000e+00,-1.230480117269808549e+00
1.000000000000000000e+00,3.525244307425252077e-01
1.000000000000000000e+00,7.686657086983701426e-01
1.000000000000000000e+00,-4.179838898742979647e-01
1.000000000000000000e+00,-2.558042142590762902e-01
1.000000000000000000e+00,1.876771166247585221e+00
1.000000000000000000e+00,2.071053214570724721e-01
1.000000000000000000e+00,-4.231451259033349177e-01
1.000000000000000000e+00,-1.008059898069855409e+00
1.000000000000000000e+00,2.812209631978317415e-01
1.000000000000000000e+00,6.558534861404008431e-01
1.000000000000000000e+00,-8.036281731137427942e-01
1.000000000000000000e+00,-4.099704826586078599e-01
1.000000000000000000e+00,3.796594449150906270e-01
1.000000000000000000e+00,-7.477726803041633286e-01
1.000000000000000000e+00,-4.293127836701451927e-01
1.000000000000000000e+00,-1.311620188556684996e-01
1.000000000000000000e+00,-1.301040595032500358e+00
1.000000000000000000e+00,-4.051032346619082292e-01
1.000000000000000000e+00,3.466300519063267860e-01
1.000000000000000000e+00,-8.667166242465368375e-01
1.000000000000000000e+00,2.562660895578889320e-01
1.000000000000000000e+00,6.386882802053500674e-01
1.000000000000000000e+00,-9.067213299894021361e-01
1.000000000000000000e+00,-1.015065868395726767e+00
1.000000000000000000e+00,-1.724705858855986040e-01
1.000000000000000000e+00,9.177103319986339436e-01
1.000000000000000000e+00,-2.469472156936891594e-01
1.000000000000000000e+00,1.459293948200041990e+00
1.000000000000000000e+00,-5.775339156312101485e-01
1.000000000000000000e+00,3.553508170672261546e-01
1.000000000000000000e+00,2.183639667313805044e-01
1.000000000000000000e+00,1.790839763790022410e+00
1.000000000000000000e+00,-1.149878466080813011e+00
